Url,Med_Preis,Modelname,GTIN,Farbe,Rückkamera_MP,Front_Kamera_MP,Displaygrösse_Inches,Speicherkapazität_GB,Gesichtserkennung,Modelljahr,Marke,Gesamtkundenbewertung,Anzahl_Kundenbewertung,Displaygrösse_CM,Med_Preis_Exkl_Mwst
https://www.mediamarkt.ch/de/product/_apple-iphone-14-pro-2151059.html,1100.0,iPhone 14 Pro,MQ0T3ZD/A,Space Black,48,12,6.1,256,1,2022,apple,4.0,16,15.5,1015.0
https://www.mediamarkt.ch/de/product/_apple-iphone-13-2091423.html,719.0,iPhone 13,MLPF3ZD/A,Midnight,12,12,6.1,128,1,2021,apple,4.0,56,15.5,664.0
https://www.mediamarkt.ch/de/product/_apple-iphone-14-pro-max-2151071.html,1125.0,iPhone 14 Pro Max,MQ9P3ZD/A,Space Black,48,12,6.7,128,1,2022,apple,4.0,8,17.0,1038.0
https://www.mediamarkt.ch/de/product/_apple-iphone-11-2020-2028715.html,429.0,iPhone 11 (2020),MHDA3ZD/A,Black,12,12,6.1,64,1,2020,apple,4.0,62,15.5,396.0
https://www.mediamarkt.ch/de/product/_apple-iphone-14-2151025.html,768.0,iPhone 14,MPUF3ZD/A,Midnight,12,12,6.1,128,1,2022,apple,4.0,9,15.5,709.0
https://www.mediamarkt.ch/de/product/_apple-iphone-14-pro-2151062.html,1132.0,iPhone 14 Pro,MQ1F3ZD/A,Deep Purple,48,12,6.1,256,1,2022,apple,4.0,16,15.5,1045.0
https://www.mediamarkt.ch/de/product/_samsung-galaxy-s22-5g-2109376.html,646.0,Galaxy S22 5G,SM-S901BZKGEUE,Phantom Black,50,10,6.1,256,1,2022,samsung,3.0,55,15.5,596.0
https://www.mediamarkt.ch/de/product/_apple-iphone-14-pro-max-2151075.html,1269.0,iPhone 14 Pro Max,MQ9U3ZD/A,Space Black,48,12,6.7,256,1,2022,apple,4.0,9,17.0,1171.0
https://www.mediamarkt.ch/de/product/_samsung-galaxy-a14-4g-2173970.html,189.0,Galaxy A14 4G,SM-A145RZKVEUE,Schwarz,50,13,6.6,128,0,0,samsung,0.0,0,16.8,174.0
https://www.mediamarkt.ch/de/product/_samsung-galaxy-a53-5g-2119141.html,371.7,Galaxy A53 5G,SM-A536BZONEUE,Awesome Peach,64,32,6.5,128,0,0,samsung,0.0,0,16.5,343.0
https://www.mediamarkt.ch/de/product/_xiaomi-redmi-9a-2012628.html,99.95,Redmi 9A,MZB9959EU/MZB0AKOEU,Granite Grey,13,5,6.53,32,1,0,xiaomi,0.0,0,16.6,92.0
https://www.mediamarkt.ch/de/product/_samsung-galaxy-a14-4g-2173971.html,189.0,Galaxy A14 4G,SM-A145RZSVEUE,Silber,50,13,6.6,128,0,0,samsung,0.0,0,16.8,174.0
https://www.mediamarkt.ch/de/product/_apple-iphone-14-pro-2151058.html,1029.0,iPhone 14 Pro,MQ0G3ZD/A,Deep Purple,48,12,6.1,128,1,2022,apple,4.0,16,15.5,950.0
https://www.mediamarkt.ch/de/product/_samsung-galaxy-a33-5g-2119137.html,302.7,Galaxy A33 5G,SM-A336BZKGEUE,Awesome Black,48,13,6.4,128,0,0,samsung,0.0,0,16.3,279.0
https://www.mediamarkt.ch/de/product/_apple-iphone-14-2151030.html,959.0,iPhone 14,MPVX3ZD/A,Midnight,12,12,6.1,256,1,2022,apple,5.0,5,15.5,885.0
https://www.mediamarkt.ch/de/product/_apple-iphone-13-mini-2118880.html,599.0,iPhone 13 mini,MNFF3ZD/A,Green,12,12,5.4,128,1,2021,apple,5.0,2,13.7,553.0
https://www.mediamarkt.ch/de/product/_apple-iphone-14-pro-2151055.html,1059.0,iPhone 14 Pro,MPXV3ZD/A,Space Black,48,12,6.1,128,1,2022,apple,4.0,18,15.5,977.0
https://www.mediamarkt.ch/de/product/_apple-iphone-14-2151026.html,768.0,iPhone 14,MPUR3ZD/A,Starlight,12,12,6.1,128,1,2022,apple,5.0,9,15.5,709.0
https://www.mediamarkt.ch/de/product/_apple-iphone-14-pro-max-2151073.html,1145.0,iPhone 14 Pro Max,MQ9R3ZD/A,Gold,48,12,6.7,128,1,2022,apple,4.0,3,17.0,1057.0
https://www.mediamarkt.ch/de/product/_samsung-galaxy-a14-4g-2173969.html,189.0,Galaxy A14 4G,SM-A145RLGVEUE,Lime Green,50,13,6.6,128,0,0,samsung,0.0,0,16.8,174.0
https://www.mediamarkt.ch/de/product/_apple-iphone-13-2091439.html,719.0,iPhone 13,MLPK3ZD/A,Blue,12,12,6.1,128,1,2021,apple,4.0,16,15.5,664.0
https://www.mediamarkt.ch/de/product/_apple-iphone-14-pro-max-2151078.html,1251.0,iPhone 14 Pro Max,MQ9X3ZD/A,Deep Purple,48,12,6.7,256,1,2022,apple,3.0,8,17.0,1155.0
https://www.mediamarkt.ch/de/product/_apple-iphone-13-mini-2091367.html,649.0,iPhone 13 mini,MLK03ZD/A,Midnight,12,12,5.4,128,1,2021,apple,4.0,20,13.7,599.0
https://www.mediamarkt.ch/de/product/_apple-iphone-14-2151027.html,778.0,iPhone 14,MPV03ZD/A,Purple,12,12,6.1,128,1,2022,apple,4.0,7,15.5,718.0
https://www.mediamarkt.ch/de/product/_apple-iphone-13-2091429.html,719.0,iPhone 13,MLPG3ZD/A,Starlight,12,12,6.1,128,1,2021,apple,4.0,24,15.5,664.0
https://www.mediamarkt.ch/de/product/_xiaomi-redmi-note-11-2112524.html,219.95,Redmi Note 11,MZB0ALZEU,Graphite Grey,50,13,6.43,128,1,2022,xiaomi,4.0,32,16.3,203.0
https://www.mediamarkt.ch/de/product/_samsung-galaxy-a53-5g-2119143.html,389.7,Galaxy A53 5G,SM-A536BLBNEUE,Awesome Blue,64,32,6.5,128,0,0,samsung,0.0,0,16.5,360.0
https://www.mediamarkt.ch/de/product/_samsung-galaxy-s21-fe-5g-2105599.html,499.95,Galaxy S21 FE 5G,SM-G990BZADEUC,Graphite,12,32,6.4,128,1,2022,samsung,4.0,20,16.3,461.0
https://www.mediamarkt.ch/de/product/_apple-iphone-13-2118876.html,719.0,iPhone 13,MNGK3ZD/A,Green,12,12,6.1,128,1,2021,apple,4.0,5,15.5,664.0
https://www.mediamarkt.ch/de/product/_nokia-c21-plus-2127663.html,129.95,C21 Plus,719901191221,Dark Cyan,13,5,6.517,32,1,2022,nokia,5.0,1,16.6,120.0
https://www.mediamarkt.ch/de/product/_apple-iphone-14-pro-2151060.html,1129.0,iPhone 14 Pro,MQ103ZD/A,Silver,48,12,6.1,256,1,2022,apple,5.0,1,15.5,1042.0
https://www.mediamarkt.ch/de/product/_apple-iphone-13-2091433.html,719.0,iPhone 13,MLPH3ZD/A,Pink,12,12,6.1,128,1,2021,apple,5.0,15,15.5,664.0
https://www.mediamarkt.ch/de/product/_apple-iphone-se-2022-2118897.html,467.95,iPhone SE (2022),MMXF3ZD/A,Midnight,12,7,4.7,64,0,0,apple,0.0,0,11.9,432.0
https://www.mediamarkt.ch/de/product/_apple-iphone-13-mini-2091375.html,621.0,iPhone 13 mini,MLK43ZD/A,Blue,12,12,5.4,128,1,2021,apple,4.0,10,13.7,573.0
https://www.mediamarkt.ch/de/product/_apple-iphone-14-pro-max-2151077.html,1269.0,iPhone 14 Pro Max,MQ9W3ZD/A,Gold,48,12,6.7,256,1,2022,apple,5.0,6,17.0,1171.0
https://www.mediamarkt.ch/de/product/_apple-iphone-11-2020-2028727.html,519.0,iPhone 11 (2020),MHDH3ZD/A,Black,12,12,6.1,128,1,2020,apple,4.0,47,15.5,479.0
https://www.mediamarkt.ch/de/product/_apple-iphone-14-pro-max-2151074.html,1125.0,iPhone 14 Pro Max,MQ9T3ZD/A,Deep Purple,48,12,6.7,128,1,2022,apple,4.0,9,17.0,1038.0
https://www.mediamarkt.ch/de/product/_apple-iphone-14-2151029.html,773.0,iPhone 14,MPVN3ZD/A,Blue,12,12,6.1,128,1,2022,apple,4.0,9,15.5,713.0
https://www.mediamarkt.ch/de/product/_wiko-y52-2127285.html,79.7,Y52,WIKY52WK521DEBST,Deep Blue,5,0,5.0,16,1,2021,wiko,2.0,1,12.7,74.0
https://www.mediamarkt.ch/de/product/_samsung-galaxy-a54-5g-2176862.html,499.95,Galaxy A54 5G,SM-A546BZKDEUE,Awesome Graphite,50,32,6.4,256,0,0,samsung,0.0,0,16.3,461.0
https://www.mediamarkt.ch/de/product/_samsung-galaxy-s21-fe-5g-2105602.html,629.0,Galaxy S21 FE 5G,SM-G990BLVDEUC,Lavender,12,32,6.4,128,1,2022,samsung,4.0,20,16.3,581.0
https://www.mediamarkt.ch/de/product/_samsung-galaxy-s22-5g-2109370.html,699.0,Galaxy S22 5G,SM-S901BZKDEUE,Phantom Black,50,10,6.1,128,1,2022,samsung,3.0,53,15.5,645.0
https://www.mediamarkt.ch/de/product/_apple-iphone-14-pro-max-2151076.html,1269.0,iPhone 14 Pro Max,MQ9V3ZD/A,Silver,48,12,6.7,256,1,2022,apple,5.0,3,17.0,1171.0
https://www.mediamarkt.ch/de/product/_apple-iphone-14-pro-max-2151072.html,1125.0,iPhone 14 Pro Max,MQ9Q3ZD/A,Silver,48,12,6.7,128,1,2022,apple,5.0,2,17.0,1038.0
https://www.mediamarkt.ch/de/product/_samsung-galaxy-a14-5g-2173973.html,239.95,Galaxy A14 5G,SM-A146PZKGEUE,Schwarz,50,13,6.6,128,0,0,samsung,0.0,0,16.8,221.0
https://www.mediamarkt.ch/de/product/_xiaomi-redmi-9c-2106521.html,129.95,Redmi 9C,MZB09YFEU,Midnight Grey,13,5,6.53,128,1,2020,xiaomi,5.0,1,16.6,120.0
https://www.mediamarkt.ch/de/product/_apple-iphone-se-2022-2118902.html,529.0,iPhone SE (2022),MMXJ3ZD/A,Midnight,12,7,4.7,128,0,0,apple,0.0,0,11.9,488.0
https://www.mediamarkt.ch/de/product/_apple-iphone-12-2028624.html,614.0,iPhone 12,MGJ53ZD/A,Black,12,12,6.1,64,1,2020,apple,4.0,15,15.5,567.0
https://www.mediamarkt.ch/de/product/_apple-iphone-14-2151032.html,919.0,iPhone 14,MPWA3ZD/A,Purple,12,12,6.1,256,1,2022,apple,5.0,2,15.5,848.0
https://www.mediamarkt.ch/de/product/_apple-iphone-14-pro-2151057.html,1029.0,iPhone 14 Pro,MQ083ZD/A,Gold,48,12,6.1,128,1,2022,apple,4.0,5,15.5,950.0
https://www.mediamarkt.ch/de/product/_samsung-galaxy-xcover-5-enterprise-edition-2060202.html,219.95,Galaxy XCover 5,SM-G525FZKDEEC,Schwarz,16,5,5.3,64,1,2021,samsung,4.0,4,13.5,203.0
https://www.mediamarkt.ch/de/product/_apple-iphone-14-plus-2151042.html,899.0,iPhone 14 Plus,MQ503ZD/A,Purple,12,12,6.7,128,1,2022,apple,5.0,5,17.0,830.0
https://www.mediamarkt.ch/de/product/_apple-iphone-13-mini-2091369.html,629.0,iPhone 13 mini,MLK13ZD/A,Starlight,12,12,5.4,128,1,2021,apple,4.0,12,13.7,581.0
https://www.mediamarkt.ch/de/product/_apple-iphone-13-mini-2091372.html,599.0,iPhone 13 mini,MLK33ZD/A,(PRODUCT)RED,12,12,5.4,128,1,2021,apple,4.0,10,13.7,553.0
https://www.mediamarkt.ch/de/product/_apple-iphone-13-mini-2091371.html,639.0,iPhone 13 mini,MLK23ZD/A,Pink,12,12,5.4,128,1,2021,apple,4.0,7,13.7,590.0
https://www.mediamarkt.ch/de/product/_samsung-galaxy-s22-5g-2109368.html,759.0,Galaxy S22 5G,SM-S901BIDDEUE,Pink Gold,50,10,6.1,128,1,2022,samsung,3.0,52,15.5,701.0
https://www.mediamarkt.ch/de/product/_samsung-galaxy-s23-ultra-2167391.html,1499.0,Galaxy S23 Ultra,SM-S918BZKHEUE,Phantom Black,200,12,6.8,512,1,2023,samsung,4.0,44,17.3,1384.0
https://www.mediamarkt.ch/de/product/_samsung-galaxy-s22-5g-2109372.html,678.0,Galaxy S22 5G,SM-S901BIDGEUE,Pink Gold,50,10,6.1,256,1,2022,samsung,3.0,50,15.5,626.0
https://www.mediamarkt.ch/de/product/_apple-iphone-14-plus-2151044.html,913.0,iPhone 14 Plus,MQ523ZD/A,Blue,12,12,6.7,128,1,2022,apple,5.0,5,17.0,843.0
https://www.mediamarkt.ch/de/product/_apple-iphone-14-plus-2151040.html,945.0,iPhone 14 Plus,MQ4X3ZD/A,Midnight,12,12,6.7,128,1,2022,apple,4.0,4,17.0,872.0
https://www.mediamarkt.ch/de/product/_apple-iphone-13-2091349.html,879.0,iPhone 13,MLQ63ZD/A,Midnight,12,12,6.1,256,1,2021,apple,4.0,10,15.5,811.0
https://www.mediamarkt.ch/de/product/_apple-iphone-11-2020-2028719.html,429.0,iPhone 11 (2020),MHDC3ZD/A,White,12,12,6.1,64,1,2020,apple,4.0,20,15.5,396.0
https://www.mediamarkt.ch/de/product/_apple-iphone-14-pro-2151056.html,1029.0,iPhone 14 Pro,MQ023ZD/A,Silver,48,12,6.1,128,1,2022,apple,4.0,5,15.5,950.0
https://www.mediamarkt.ch/de/product/_apple-iphone-14-pro-2151061.html,1129.0,iPhone 14 Pro,MQ183ZD/A,Gold,48,12,6.1,256,1,2022,apple,3.0,4,15.5,1042.0
https://www.mediamarkt.ch/de/product/_apple-iphone-14-2151031.html,959.0,iPhone 14,MPW43ZD/A,Starlight,12,12,6.1,256,1,2022,apple,5.0,4,15.5,885.0
https://www.mediamarkt.ch/de/product/_samsung-galaxy-s23-2167365.html,949.0,Galaxy S23,SM-S911BZKGEUE,Phantom Black,50,12,6.1,256,1,2023,samsung,4.0,10,15.5,876.0
https://www.mediamarkt.ch/de/product/_samsung-galaxy-s22-5g-2109369.html,759.0,Galaxy S22 5G,SM-S901BZGDEUE,Green,50,10,6.1,128,1,2022,samsung,3.0,52,15.5,701.0
https://www.mediamarkt.ch/de/product/_apple-iphone-14-plus-2151041.html,919.0,iPhone 14 Plus,MQ4Y3ZD/A,Starlight,12,12,6.7,128,1,2022,apple,5.0,4,17.0,848.0
https://www.mediamarkt.ch/de/product/_apple-iphone-14-pro-max-2151079.html,1469.0,iPhone 14 Pro Max,MQAF3ZD/A,Space Black,48,12,6.7,512,1,2022,apple,5.0,2,17.0,1356.0
https://www.mediamarkt.ch/de/product/_samsung-galaxy-a34-5g-2173976.html,369.95,Galaxy A34 5G,SM-A346BZKAEUE,Awesome Graphite,48,13,6.6,128,0,0,samsung,0.0,0,16.8,341.0
https://www.mediamarkt.ch/de/product/_samsung-galaxy-s21-fe-5g-2105600.html,699.0,Galaxy S21 FE 5G,SM-G990BZWFEUE,White,12,32,6.4,128,1,2022,samsung,4.0,20,16.3,645.0
https://www.mediamarkt.ch/de/product/_apple-iphone-se-2022-2118903.html,529.0,iPhone SE (2022),MMXK3ZD/A,Starlight,12,7,4.7,128,0,0,apple,0.0,0,11.9,488.0
https://www.mediamarkt.ch/de/product/_apple-iphone-12-2028652.html,614.0,iPhone 12,MGJ93ZD/A,Green,12,12,6.1,64,1,2020,apple,4.0,4,15.5,567.0
https://www.mediamarkt.ch/de/product/_apple-iphone-14-2151036.html,1269.0,iPhone 14,MPX33ZD/A,Starlight,12,12,6.1,512,1,2022,apple,0.0,0,15.5,1171.0
https://www.mediamarkt.ch/de/product/_apple-iphone-14-2176808.html,819.0,iPhone 14,MR3X3ZD/A,Yellow,12,12,6.1,128,1,2022,apple,4.0,4,15.5,756.0
https://www.mediamarkt.ch/de/product/_samsung-galaxy-s21-fe-5g-eu-2133542.html,499.95,Galaxy S21 FE 5G (EU),SM-G990BZADEUE,Graphite,12,32,6.4,128,1,2022,samsung,4.0,24,16.3,461.0
https://www.mediamarkt.ch/de/product/_apple-iphone-13-2091436.html,719.0,iPhone 13,MLPJ3ZD/A,(PRODUCT)RED,12,12,6.1,128,1,2021,apple,4.0,4,15.5,664.0
https://www.mediamarkt.ch/de/product/_samsung-galaxy-a54-5g-2173981.html,459.95,Galaxy A54 5G,SM-A546BZKCEUE,Awesome Graphite,50,32,6.4,128,0,0,samsung,0.0,0,16.3,425.0
https://www.mediamarkt.ch/de/product/_apple-iphone-se-2022-2118904.html,529.0,iPhone SE (2022),MMXL3ZD/A,(PRODUCT)RED,12,7,4.7,128,0,0,apple,0.0,0,11.9,488.0
https://www.mediamarkt.ch/de/product/_apple-iphone-se-2022-2118898.html,469.95,iPhone SE (2022),MMXG3ZD/A,Starlight,12,7,4.7,64,0,0,apple,0.0,0,11.9,434.0
https://www.mediamarkt.ch/de/product/_apple-iphone-12-2028642.html,614.0,iPhone 12,MGJ83ZD/A,Blue,12,12,6.1,64,1,2020,apple,4.0,11,15.5,567.0
https://www.mediamarkt.ch/de/product/_samsung-galaxy-s22-5g-2109371.html,769.0,Galaxy S22 5G,SM-S901BZWDEUE,Phantom White,50,10,6.1,128,1,2022,samsung,3.0,50,15.5,710.0
https://www.mediamarkt.ch/de/product/_samsung-galaxy-a54-5g-2177749.html,529.0,Galaxy A54 5G,SM-A546BLGDEUE,Awesome Lime,50,32,6.4,256,0,0,samsung,0.0,0,16.3,488.0
https://www.mediamarkt.ch/de/product/_samsung-galaxy-z-flip4-2141913.html,1039.0,Galaxy Z Flip4,SM-F721BLVHEUE,Bora Purple,12,10,6.7,256,1,2022,samsung,4.0,16,17.0,959.0
https://www.mediamarkt.ch/de/product/_apple-iphone-13-2091358.html,838.0,iPhone 13,MLQA3ZD/A,Blue,12,12,6.1,256,1,2021,apple,5.0,9,15.5,773.0
https://www.mediamarkt.ch/de/product/_apple-iphone-14-2151034.html,959.0,iPhone 14,MPWP3ZD/A,Blue,12,12,6.1,256,1,2022,apple,5.0,2,15.5,885.0
https://www.mediamarkt.ch/de/product/_samsung-galaxy-a14-5g-2173972.html,239.95,Galaxy A14 5G,SM-A146PLGGEUE,Lime Green,50,13,6.6,128,0,0,samsung,0.0,0,16.8,221.0
https://www.mediamarkt.ch/de/product/_xiaomi-redmi-a1-2152688.html,99.95,Redmi A1,MZB0CH2EU,Hellblau,8,5,6.52,32,0,0,xiaomi,0.0,0,16.6,92.0
https://www.mediamarkt.ch/de/product/_samsung-galaxy-s23-2167353.html,899.0,Galaxy S23,SM-S911BZKDEUE,Phantom Black,50,12,6.1,128,1,2023,samsung,4.0,9,15.5,830.0
https://www.mediamarkt.ch/de/product/_samsung-galaxy-s23-2167361.html,949.0,Galaxy S23,SM-S911BZGGEUE,Green,50,12,6.1,256,1,2023,samsung,4.0,10,15.5,876.0
https://www.mediamarkt.ch/de/product/_samsung-galaxy-s23-ultra-2167389.html,1499.0,Galaxy S23 Ultra,SM-S918BZGHEUE,Green,200,12,6.8,512,1,2023,samsung,4.0,46,17.3,1384.0
https://www.mediamarkt.ch/de/product/_samsung-galaxy-s23-ultra-2167390.html,1499.0,Galaxy S23 Ultra,SM-S918BLIHEUE,Lavander,200,12,6.8,512,1,2023,samsung,4.0,42,17.3,1384.0
https://www.mediamarkt.ch/de/product/_samsung-galaxy-s22-5g-2109374.html,672.0,Galaxy S22 5G,SM-S901BZGGEUE,Green,50,10,6.1,256,1,2022,samsung,3.0,50,15.5,620.0
https://www.mediamarkt.ch/de/product/_samsung-galaxy-s23-ultra-2167385.html,1339.0,Galaxy S23 Ultra,SM-S918BZKDEUE,Phantom Black,200,12,6.8,256,1,2023,samsung,4.0,42,17.3,1236.0
https://www.mediamarkt.ch/de/product/_nokia-c12-2170790.html,119.0,C12,286801095,Charcoal,8,5,6.3,64,1,2023,nokia,5.0,1,16.0,110.0
https://www.mediamarkt.ch/de/product/_apple-iphone-14-plus-2151045.html,999.0,iPhone 14 Plus,MQ533ZD/A,Midnight,12,12,6.7,256,1,2022,apple,5.0,2,17.0,922.0
https://www.mediamarkt.ch/de/product/_apple-iphone-14-2151035.html,1269.0,iPhone 14,MPWW3ZD/A,Midnight,12,12,6.1,512,1,2022,apple,0.0,0,15.5,1171.0
https://www.mediamarkt.ch/de/product/_samsung-galaxy-a54-5g-2173982.html,459.95,Galaxy A54 5G,SM-A546BLVCEUE,Awesome Violet,50,32,6.4,128,0,0,samsung,0.0,0,16.3,425.0
https://www.mediamarkt.ch/de/product/_samsung-galaxy-a34-5g-2176864.html,429.95,Galaxy A34 5G,SM-A346BLVEEUE,Awesome Violet,48,13,6.6,256,0,0,samsung,0.0,0,16.8,397.0
https://www.mediamarkt.ch/de/product/_apple-iphone-se-2022-2118906.html,649.0,iPhone SE (2022),MMXM3ZD/A,Midnight,12,7,4.7,256,0,0,apple,0.0,0,11.9,599.0
https://www.mediamarkt.ch/de/product/_apple-iphone-se-2022-2118899.html,469.95,iPhone SE (2022),MMXH3ZD/A,(PRODUCT)RED,12,7,4.7,64,0,0,apple,0.0,0,11.9,434.0
https://www.mediamarkt.ch/de/product/_apple-iphone-12-2028654.html,699.0,iPhone 12,MGJC3ZD/A,White,12,12,6.1,128,1,2020,apple,4.0,15,15.5,645.0
https://www.mediamarkt.ch/de/product/_xiaomi-redmi-note-12-pro-5g-2176856.html,379.0,Redmi Note 12 Pro 5G,MZB0D2YEU,Midnight Black,50,16,6.67,128,1,2023,xiaomi,5.0,1,16.9,350.0
https://www.mediamarkt.ch/de/product/_samsung-galaxy-s23-ultra-2167382.html,1339.0,Galaxy S23 Ultra,SM-S918BZGDEUE,Green,200,12,6.8,256,1,2023,samsung,4.0,42,17.3,1236.0
https://www.mediamarkt.ch/de/product/_samsung-galaxy-z-flip4-2141912.html,999.0,Galaxy Z Flip4,SM-F721BLVGEUE,Bora Purple,12,10,6.7,128,1,2022,samsung,4.0,16,17.0,922.0
https://www.mediamarkt.ch/de/product/_nokia-g22-2175509.html,174.95,G22,101S0609H001,Meteor Grey,50,8,6.52,64,1,2023,nokia,0.0,0,16.6,161.0
https://www.mediamarkt.ch/de/product/_apple-iphone-14-plus-2151047.html,999.0,iPhone 14 Plus,MQ563ZD/A,Purple,12,12,6.7,256,1,2022,apple,5.0,1,17.0,922.0
https://www.mediamarkt.ch/de/product/_apple-iphone-13-mini-2091381.html,779.0,iPhone 13 mini,MLK73ZD/A,Pink,12,12,5.4,256,1,2021,apple,5.0,6,13.7,719.0
https://www.mediamarkt.ch/de/product/_motorola-moto-g13-2180586.html,184.95,Moto G13,PAWV0016SE,Matte Charcoal,50,8,6.5,128,1,2023,motorola,5.0,2,16.5,171.0
https://www.mediamarkt.ch/de/product/_apple-iphone-14-2151038.html,1269.0,iPhone 14,MPXG3ZD/A,(PRODUCT)RED,12,12,6.1,512,1,2022,apple,0.0,0,15.5,1171.0
https://www.mediamarkt.ch/de/product/_apple-iphone-14-2176809.html,979.0,iPhone 14,MR3Y3ZD/A,Yellow,12,12,6.1,256,1,2022,apple,5.0,2,15.5,904.0
https://www.mediamarkt.ch/de/product/_apple-iphone-14-pro-max-2151082.html,1470.0,iPhone 14 Pro Max,MQAM3ZD/A,Deep Purple,48,12,6.7,512,1,2022,apple,5.0,3,17.0,1357.0
https://www.mediamarkt.ch/de/product/_xiaomi-redmi-note-11-pro-4g-2122548.html,299.95,Redmi Note 11 Pro 4G,MZB0AREEU/MZB0ASOEU,Graphite Grey,108,16,6.67,128,1,2022,xiaomi,4.0,8,16.9,277.0
https://www.mediamarkt.ch/de/product/_samsung-galaxy-a14-5g-2173974.html,239.95,Galaxy A14 5G,SM-A146PZSGEUE,Silber,50,13,6.6,128,0,0,samsung,0.0,0,16.8,221.0
https://www.mediamarkt.ch/de/product/_samsung-galaxy-a34-5g-2173978.html,369.95,Galaxy A34 5G,SM-A346BLVAEUE,Awesome Violet,48,13,6.6,128,0,0,samsung,0.0,0,16.8,341.0
https://www.mediamarkt.ch/de/product/_xiaomi-redmi-a1-2152689.html,99.95,Redmi A1,MZB0CGXEU,Hellgrün,8,5,6.52,32,0,0,xiaomi,0.0,0,16.6,92.0
https://www.mediamarkt.ch/de/product/_one-plus-nord-ce-2-5g-2116376.html,369.95,Nord CE 2 5G,5011101969,Grey Mirror,64,16,6.43,128,1,2022,one-plus,0.0,0,16.3,341.0
https://www.mediamarkt.ch/de/product/_samsung-galaxy-s23-2167371.html,1129.0,Galaxy S23+,SM-S916BZGDEUE,Green,50,12,6.6,256,1,2023,samsung,4.0,14,16.8,1042.0
https://www.mediamarkt.ch/de/product/_apple-iphone-12-2028626.html,614.0,iPhone 12,MGJ63ZD/A,White,12,12,6.1,64,1,2020,apple,4.0,11,15.5,567.0
https://www.mediamarkt.ch/de/product/_samsung-galaxy-s23-2167363.html,949.0,Galaxy S23,SM-S911BLIGEUE,Lavender,50,12,6.1,256,1,2023,samsung,4.0,9,15.5,876.0
https://www.mediamarkt.ch/de/product/_samsung-galaxy-s22-5g-2109377.html,670.0,Galaxy S22 5G,SM-S901BZWGEUE,Phantom White,50,10,6.1,256,1,2022,samsung,3.0,50,15.5,618.0
https://www.mediamarkt.ch/de/product/_samsung-galaxy-s23-2167340.html,899.0,Galaxy S23,SM-S911BZEDEUE,Cream,50,12,6.1,128,1,2023,samsung,4.0,9,15.5,830.0
https://www.mediamarkt.ch/de/product/_samsung-galaxy-s23-ultra-2167383.html,1339.0,Galaxy S23 Ultra,SM-S918BLIDEUE,Lavander,200,12,6.8,256,1,2023,samsung,4.0,42,17.3,1236.0
https://www.mediamarkt.ch/de/product/_samsung-galaxy-s23-ultra-2167380.html,1339.0,Galaxy S23 Ultra,SM-S918BZEDEUE,Cream,200,12,6.8,256,1,2023,samsung,4.0,43,17.3,1236.0
https://www.mediamarkt.ch/de/product/_samsung-galaxy-s23-2167378.html,1249.0,Galaxy S23+,SM-S916BZKGEUE,Phantom Black,50,12,6.6,512,1,2023,samsung,4.0,15,16.8,1153.0
https://www.mediamarkt.ch/de/product/_samsung-galaxy-z-flip4-2141916.html,1039.0,Galaxy Z Flip4,SM-F721BZDHEUE,Pink Gold,12,10,6.7,256,1,2022,samsung,4.0,16,17.0,959.0
https://www.mediamarkt.ch/de/product/_apple-iphone-13-mini-2091384.html,959.0,iPhone 13 mini,MLKA3ZD/A,Midnight,12,12,5.4,512,1,2021,apple,4.0,3,13.7,885.0
https://www.mediamarkt.ch/de/product/_apple-iphone-14-plus-2151043.html,902.0,iPhone 14 Plus,MQ513ZD/A,(PRODUCT)RED,12,12,6.7,128,1,2022,apple,5.0,3,17.0,833.0
https://www.mediamarkt.ch/de/product/_apple-iphone-14-plus-2151052.html,1259.0,iPhone 14 Plus,MQ5E3ZD/A,Deep Purple,12,12,6.7,512,1,2022,apple,5.0,1,17.0,1162.0
https://www.mediamarkt.ch/de/product/_motorola-moto-e13-2180587.html,99.95,Moto E13,PAXT0023SE,Cosmic Black,13,5,6.5,64,1,2023,motorola,0.0,0,16.5,92.0
https://www.mediamarkt.ch/de/product/_apple-iphone-11-2020-2028729.html,519.0,iPhone 11 (2020),MHDJ3ZD/A,White,12,12,6.1,128,1,2020,apple,4.0,13,15.5,479.0
https://www.mediamarkt.ch/de/product/_apple-iphone-12-2066507.html,699.0,iPhone 12,MJNP3ZD/A,Purple,12,12,6.1,128,1,2020,apple,4.0,8,15.5,645.0
https://www.mediamarkt.ch/de/product/_apple-iphone-14-2151028.html,869.0,iPhone 14,MPVA3ZD/A,(PRODUCT)RED,12,12,6.1,128,1,2022,apple,4.0,5,15.5,802.0
https://www.mediamarkt.ch/de/product/_apple-iphone-14-pro-2151066.html,1439.0,iPhone 14 Pro,MQ293ZD/A,Deep Purple,48,12,6.1,512,1,2022,apple,5.0,1,15.5,1328.0
https://www.mediamarkt.ch/de/product/_apple-iphone-14-pro-2151064.html,1400.0,iPhone 14 Pro,MQ1W3ZD/A,Silver,48,12,6.1,512,1,2022,apple,0.0,0,15.5,1292.0
https://www.mediamarkt.ch/de/product/_samsung-galaxy-a13-4g-mit-mediatek-cpu-2141382.html,184.95,Galaxy A13 4G (MediaTek CPU),SM-A137FZWKEUE,White,50,8,6.6,128,0,0,samsung,0.0,0,16.8,171.0
https://www.mediamarkt.ch/de/product/_wiko-y52-2127284.html,79.7,Y52,WIKY52WK521GRYST,Grau,5,0,5.0,16,1,2021,wiko,0.0,0,12.7,74.0
https://www.mediamarkt.ch/de/product/_xiaomi-redmi-note-12-pro-5g-2178010.html,399.95,Redmi Note 12 Pro 5G,MZB0D39EU,Polar White,50,16,6.67,128,1,2023,xiaomi,0.0,0,16.9,369.0
https://www.mediamarkt.ch/de/product/_samsung-galaxy-a34-5g-2176865.html,429.95,Galaxy A34 5G,SM-A346BLGEEUE,Awesome Lime,48,13,6.6,256,0,0,samsung,0.0,0,16.8,397.0
https://www.mediamarkt.ch/de/product/_one-plus-11-5g-2171795.html,899.0,11 5G,5011102200,Titan Black,50,16,6.7,256,1,2023,one-plus,5.0,1,17.0,830.0
https://www.mediamarkt.ch/de/product/_xiaomi-redmi-a1-2152693.html,99.95,Redmi A1,MZB0CGGEU,Schwarz,8,5,6.52,32,0,0,xiaomi,0.0,0,16.6,92.0
https://www.mediamarkt.ch/de/product/_google-pixel-7-2158708.html,619.0,Pixel 7,GA03943-GB,Lemongrass,50,10,6.3,128,1,2022,google,4.0,4,16.0,571.0
https://www.mediamarkt.ch/de/product/_samsung-galaxy-s23-2167374.html,1129.0,Galaxy S23+,SM-S916BZKDEUE,Phantom Black,50,12,6.6,256,1,2023,samsung,4.0,14,16.8,1042.0
https://www.mediamarkt.ch/de/product/_apple-iphone-12-2028656.html,699.0,iPhone 12,MGJE3ZD/A,Blue,12,12,6.1,128,1,2020,apple,4.0,16,15.5,645.0
https://www.mediamarkt.ch/de/product/_xiaomi-redmi-10-2141006.html,199.95,Redmi 10 2022,MZB0A65EU,Carbon Grey,50,8,6.5,128,1,2022,xiaomi,4.0,5,16.5,185.0
https://www.mediamarkt.ch/de/product/_apple-iphone-12-2028641.html,614.0,iPhone 12,MGJ73ZD/A,Red,12,12,6.1,64,1,2020,apple,5.0,3,15.5,567.0
https://www.mediamarkt.ch/de/product/_motorola-moto-g82-5g-2134534.html,379.95,Moto G82 5G,PAUA0048IT,Meteorite Gray,50,16,6.6,128,1,2022,motorola,0.0,0,16.8,351.0
https://www.mediamarkt.ch/de/product/_google-pixel-7-2168875.html,699.0,Pixel 7,GA04528-GB,Obsidian,50,10,6.3,256,1,2022,google,0.0,0,16.0,645.0
https://www.mediamarkt.ch/de/product/_xiaomi-12-lite-2144661.html,429.95,12 Lite,MZB0BKMEU,Lite Pink,108,32,6.55,128,1,2022,xiaomi,0.0,0,16.6,397.0
https://www.mediamarkt.ch/de/product/_samsung-galaxy-s23-2167357.html,949.0,Galaxy S23,SM-S911BZEGEUE,Cream,50,12,6.1,256,1,2023,samsung,4.0,9,15.5,876.0
https://www.mediamarkt.ch/de/product/_samsung-galaxy-s23-2167349.html,899.0,Galaxy S23,SM-S911BLIDEUE,Lavender,50,12,6.1,128,1,2023,samsung,4.0,9,15.5,830.0
https://www.mediamarkt.ch/de/product/_samsung-galaxy-s23-ultra-2167388.html,1499.0,Galaxy S23 Ultra,SM-S918BZEHEUE,Cream,200,12,6.8,512,1,2023,samsung,4.0,42,17.3,1384.0
https://www.mediamarkt.ch/de/product/_samsung-galaxy-a54-5g-2177750.html,529.0,Galaxy A54 5G,SM-A546BLVDEUE,Awesome Violet,50,32,6.4,256,0,0,samsung,0.0,0,16.3,488.0
https://www.mediamarkt.ch/de/product/_samsung-galaxy-z-fold4-2141921.html,1599.0,Galaxy Z Fold4,SM-F936BZKBEUE,Phantom Black,50,10,7.6,256,1,2022,samsung,4.0,25,19.3,1476.0
https://www.mediamarkt.ch/de/product/_samsung-galaxy-z-flip4-2141911.html,999.0,Galaxy Z Flip4,SM-F721BLBHEUE,Blue,12,10,6.7,256,1,2022,samsung,4.0,15,17.0,922.0
https://www.mediamarkt.ch/de/product/_samsung-galaxy-z-fold4-2141922.html,1699.0,Galaxy Z Fold4,SM-F936BZKCEUE,Phantom Black,50,10,7.6,512,1,2022,samsung,4.0,24,19.3,1568.0
https://www.mediamarkt.ch/de/product/_samsung-galaxy-z-fold4-2141917.html,1599.0,Galaxy Z Fold4,SM-F936BZABEUE,Grey Green,50,10,7.6,256,1,2022,samsung,4.0,25,19.3,1476.0
https://www.mediamarkt.ch/de/product/_samsung-galaxy-z-fold4-2141919.html,1599.0,Galaxy Z Fold4,SM-F936BZEBEUE,Beige,50,10,7.6,256,1,2022,samsung,4.0,25,19.3,1476.0
https://www.mediamarkt.ch/de/product/_crosscall-core-m5-2138995.html,379.95,CORE-M5,1001011101114,Schwarz,13,2,4.95,32,0,0,crosscall,0.0,0,12.6,351.0
https://www.mediamarkt.ch/de/product/_samsung-galaxy-z-flip4-2141914.html,999.0,Galaxy Z Flip4,SM-F721BZAGEUE,Graphite,12,10,6.7,128,1,2022,samsung,4.0,15,17.0,922.0
https://www.mediamarkt.ch/de/product/_emporia-touchsmart-2-2110132.html,149.95,TOUCHsmart.2,V188.2_001_CH,Schwarz/Silber,8,2,3.25,8,0,0,emporia,0.0,0,8.3,138.0
https://www.mediamarkt.ch/de/product/_apple-iphone-13-mini-2091386.html,1039.0,iPhone 13 mini,MLKC3ZD/A,Starlight,12,12,5.4,512,1,2021,apple,5.0,2,13.7,959.0
https://www.mediamarkt.ch/de/product/_apple-iphone-14-plus-2151048.html,999.0,iPhone 14 Plus,MQ573ZD/A,(PRODUCT)RED,12,12,6.7,256,1,2022,apple,5.0,1,17.0,922.0
https://www.mediamarkt.ch/de/product/_apple-iphone-14-plus-2151054.html,1399.0,iPhone 14 Plus,MQ5G3ZD/A,Blue,12,12,6.7,512,1,2022,apple,5.0,1,17.0,1291.0
https://www.mediamarkt.ch/de/product/_apple-iphone-14-pro-max-2151086.html,1720.0,iPhone 14 Pro Max,MQC53ZD/A,Deep Purple,48,12,6.7,1,1,2022,apple,3.0,3,17.0,1588.0
https://www.mediamarkt.ch/de/product/_apple-iphone-13-mini-2091377.html,779.0,iPhone 13 mini,MLK53ZD/A,Midnight,12,12,5.4,256,1,2021,apple,4.0,7,13.7,719.0
https://www.mediamarkt.ch/de/product/_apple-iphone-14-pro-max-2151083.html,1752.0,iPhone 14 Pro Max,MQC23ZD/A,Space Black,48,12,6.7,1,1,2022,apple,3.0,2,17.0,1617.0
https://www.mediamarkt.ch/de/product/_apple-iphone-14-plus-2151051.html,1399.0,iPhone 14 Plus,MQ5D3ZD/A,Starlight,12,12,6.7,512,1,2022,apple,5.0,1,17.0,1291.0
https://www.mediamarkt.ch/de/product/_apple-iphone-14-2151039.html,1269.0,iPhone 14,MPXN3ZD/A,Blue,12,12,6.1,512,1,2022,apple,0.0,0,15.5,1171.0
https://www.mediamarkt.ch/de/product/_apple-iphone-14-2151033.html,959.0,iPhone 14,MPWH3ZD/A,(PRODUCT)RED,12,12,6.1,256,1,2022,apple,5.0,2,15.5,885.0
https://www.mediamarkt.ch/de/product/_apple-iphone-14-plus-2176812.html,999.0,iPhone 14 Plus,MR6D3ZD/A,Yellow,12,12,6.7,256,1,2022,apple,5.0,1,17.0,922.0
https://www.mediamarkt.ch/de/product/_apple-iphone-13-2091355.html,899.0,iPhone 13,MLQ83ZD/A,Pink,12,12,6.1,256,1,2021,apple,0.0,0,15.5,830.0
https://www.mediamarkt.ch/de/product/_apple-iphone-11-2020-2028721.html,459.7,iPhone 11 (2020),MHDD3ZD/A,Red,12,12,6.1,64,1,2020,apple,5.0,1,15.5,424.0
https://www.mediamarkt.ch/de/product/_apple-iphone-13-2091353.html,899.0,iPhone 13,MLQ73ZD/A,Starlight,12,12,6.1,256,1,2021,apple,4.0,5,15.5,830.0
https://www.mediamarkt.ch/de/product/_crosscall-action-x5-2111324.html,549.0,ACTION-X5,1001020701220,Schwarz,48,13,5.45,64,0,0,crosscall,0.0,0,13.8,507.0
https://www.mediamarkt.ch/de/product/_xiaomi-redmi-note-11s-4g-2122560.html,249.95,Redmi Note 11S 4G,MZB0AQPEU,Graphite Grey,108,16,6.43,128,1,2022,xiaomi,4.0,18,16.3,231.0
https://www.mediamarkt.ch/de/product/_apple-iphone-12-2066506.html,614.0,iPhone 12,MJNM3ZD/A,Purple,12,12,6.1,64,1,2020,apple,5.0,4,15.5,567.0
https://www.mediamarkt.ch/de/product/_crosscall-core-x5-2131425.html,499.95,CORE-X5,1001010701695,Schwarz,48,8,5.45,64,0,0,crosscall,0.0,0,13.8,461.0
https://www.mediamarkt.ch/de/product/_apple-iphone-14-pro-2151063.html,1375.0,iPhone 14 Pro,MQ1M3ZD/A,Space Black,48,12,6.1,512,1,2022,apple,5.0,1,15.5,1269.0
https://www.mediamarkt.ch/de/product/_apple-iphone-14-plus-2151049.html,999.0,iPhone 14 Plus,MQ583ZD/A,Blue,12,12,6.7,256,1,2022,apple,5.0,1,17.0,922.0
https://www.mediamarkt.ch/de/product/_xiaomi-redmi-12c-2174702.html,169.95,Redmi 12C,MZB0DJ4EU,Ocean Blue,50,5,6.71,128,1,2023,xiaomi,0.0,0,17.0,157.0
https://www.mediamarkt.ch/de/product/_xiaomi-11t-2093629.html,479.95,11T,MZB09M1EU,Meteorite Grey,108,16,6.67,128,1,2021,xiaomi,3.0,13,16.9,443.0
https://www.mediamarkt.ch/de/product/_one-plus-nord-ce-3-lite-5g-2180208.html,329.95,Nord CE 3 Lite 5G,5011102564,Chromatic Gray,108,16,6.72,128,1,2023,one-plus,0.0,0,17.1,305.0
https://www.mediamarkt.ch/de/product/_one-plus-nord-ce-3-lite-5g-2180209.html,329.95,Nord CE 3 Lite 5G,5011102565,Pastel Lime,108,16,6.72,128,1,2023,one-plus,0.0,0,17.1,305.0
https://www.mediamarkt.ch/de/product/_samsung-galaxy-a34-5g-2173977.html,369.95,Galaxy A34 5G,SM-A346BZSAEUE,Awesome Silver,48,13,6.6,128,0,0,samsung,0.0,0,16.8,341.0
https://www.mediamarkt.ch/de/product/_xiaomi-redmi-note-12-4g-2176860.html,239.95,Redmi Note 12 4G,MZB0DNIEU,Ice Blue,50,13,6.67,128,1,2023,xiaomi,0.0,0,16.9,221.0
https://www.mediamarkt.ch/de/product/_samsung-galaxy-a34-5g-2176866.html,429.95,Galaxy A34 5G,SM-A346BZSEEUE,Awesome Silver,48,13,6.6,256,0,0,samsung,0.0,0,16.8,397.0
https://www.mediamarkt.ch/de/product/_one-plus-11-5g-2171794.html,899.0,11 5G,5011102202,Eternal Green,50,16,6.7,256,1,2023,one-plus,5.0,1,17.0,830.0
https://www.mediamarkt.ch/de/product/_one-plus-11-5g-2171793.html,829.0,11 5G,5011102199,Titan Black,50,16,6.7,128,1,2023,one-plus,0.0,0,17.0,765.0
https://www.mediamarkt.ch/de/product/_peaq-psp-400-2059893.html,154.95,PSP 400,400449,Schwarz/Silber,13,5,4.95,32,0,0,peaq,0.0,0,12.6,143.0
https://www.mediamarkt.ch/de/product/_samsung-galaxy-s23-2167376.html,1249.0,Galaxy S23+,SM-S916BZGGEUE,Green,50,12,6.6,512,1,2023,samsung,4.0,15,16.8,1153.0
https://www.mediamarkt.ch/de/product/_samsung-galaxy-s23-2167373.html,1129.0,Galaxy S23+,SM-S916BLIDEUE,Lavender,50,12,6.6,256,1,2023,samsung,4.0,14,16.8,1042.0
https://www.mediamarkt.ch/de/product/_apple-iphone-12-2028655.html,699.0,iPhone 12,MGJD3ZD/A,Red,12,12,6.1,128,1,2020,apple,4.0,8,15.5,645.0
https://www.mediamarkt.ch/de/product/_apple-iphone-13-2118878.html,899.0,iPhone 13,MNGL3ZD/A,Green,12,12,6.1,256,1,2021,apple,5.0,1,15.5,830.0
https://www.mediamarkt.ch/de/product/_samsung-xcover6-pro-enterprise-edition-2140676.html,519.0,XCover6 Pro Enterprise Edition,SM-G736BZKDEEE,Schwarz,50,13,6.6,128,1,2022,samsung,3.0,2,16.8,479.0
https://www.mediamarkt.ch/de/product/_xiaomi-13-pro-2175507.html,1399.0,13 Pro,MZB0DBIEU,Ceramic Black,50,32,6.73,256,1,2023,xiaomi,5.0,2,17.1,1291.0
https://www.mediamarkt.ch/de/product/_xiaomi-poco-m5s-2152692.html,199.95,POCO M5s,MZB0CJ8EU,Grau,64,13,6.43,128,1,2022,xiaomi,0.0,0,16.3,185.0
https://www.mediamarkt.ch/de/product/_xiaomi-13-2175508.html,959.0,13,MZB0D92EU,Schwarz,50,32,6.36,256,1,2023,xiaomi,2.0,3,16.2,885.0
https://www.mediamarkt.ch/de/product/_xiaomi-redmi-note-12-pro-5g-2176855.html,499.95,Redmi Note 12 Pro+ 5G,MZB0DFFEU,Polar White,200,16,6.67,256,1,2023,xiaomi,0.0,0,16.9,461.0
https://www.mediamarkt.ch/de/product/_apple-iphone-12-2028667.html,929.0,iPhone 12,MGJJ3ZD/A,Red,12,12,6.1,256,1,2020,apple,0.0,0,15.5,857.0
https://www.mediamarkt.ch/de/product/_xiaomi-redmi-note-12-5g-2176858.html,299.95,Redmi Note 12 5G,MZB0CY3EU,Forest Green,48,13,6.67,128,1,2023,xiaomi,0.0,0,16.9,277.0
https://www.mediamarkt.ch/de/product/_xiaomi-12-lite-2144659.html,399.95,12 Lite,MZB0BK4EU,Black,108,32,6.55,128,1,2022,xiaomi,4.0,1,16.6,369.0
https://www.mediamarkt.ch/de/product/_motorola-moto-g52-2134532.html,329.95,Moto G52,PAU70018IT,Charcoal Grey,50,16,6.6,128,1,2022,motorola,0.0,0,16.8,305.0
https://www.mediamarkt.ch/de/product/_google-pixel-7-2168877.html,739.0,Pixel 7,GA04538-GB,Snow,50,10,6.3,256,1,2022,google,0.0,0,16.0,682.0
https://www.mediamarkt.ch/de/product/_google-pixel-7-2168876.html,819.0,Pixel 7,GA04548-GB,Lemongrass,50,10,6.3,256,1,2022,google,0.0,0,16.0,756.0
https://www.mediamarkt.ch/de/product/_nokia-g11-2114852.html,134.95,G11,719901184091,Charcoal,13,8,6.5,32,1,2022,nokia,3.0,2,16.5,125.0
https://www.mediamarkt.ch/de/product/_motorola-moto-e32-2134528.html,184.95,Moto E32,PATR0012IT,Slate Grey,16,8,6.5,64,1,2022,motorola,0.0,0,16.5,171.0
https://www.mediamarkt.ch/de/product/_motorola-moto-g22-2134530.html,199.95,Moto G22,PATW0022IT,Cosmic Black,50,16,6.5,64,1,2022,motorola,0.0,0,16.5,185.0
https://www.mediamarkt.ch/de/product/_motorola-moto-g30-2076214.html,259.95,Moto G30,PAML0004FR,Dark Pearl,64,13,6.5,128,1,2021,motorola,0.0,0,16.5,240.0
https://www.mediamarkt.ch/de/product/_samsung-galaxy-s22-5g-2109386.html,869.0,Galaxy S22+ 5G,SM-S906BZKGEUE,Phantom Black,50,10,6.6,256,1,2022,samsung,3.0,32,16.8,802.0
https://www.mediamarkt.ch/de/product/_motorola-moto-g-5g-2069877.html,239.0,Moto G 5G,PALM0002FR,Frosted Silver,48,16,6.7,64,1,2020,motorola,0.0,0,17.0,221.0
https://www.mediamarkt.ch/de/product/_samsung-galaxy-s22-5g-2109387.html,1159.0,Galaxy S22+ 5G,SM-S906BZWGEUE,Phantom White,50,10,6.6,256,1,2022,samsung,3.0,32,16.8,1070.0
https://www.mediamarkt.ch/de/product/_motorola-moto-g41-2110136.html,239.95,Moto G41,PAS40002FR,Meteorite Black,48,13,6.4,128,1,2022,motorola,0.0,0,16.3,221.0
https://www.mediamarkt.ch/de/product/_samsung-galaxy-s23-2167347.html,899.0,Galaxy S23,SM-S911BZGDEUE,Green,50,12,6.1,128,1,2023,samsung,4.0,9,15.5,830.0
https://www.mediamarkt.ch/de/product/_samsung-galaxy-a54-5g-2177748.html,529.0,Galaxy A54 5G,SM-A546BZWDEUE,Awesome White,50,32,6.4,256,0,0,samsung,0.0,0,16.3,488.0
https://www.mediamarkt.ch/de/product/_samsung-galaxy-z-fold4-2141920.html,1699.0,Galaxy Z Fold4,SM-F936BZECEUE,Beige,50,10,7.6,512,1,2022,samsung,4.0,24,19.3,1568.0
https://www.mediamarkt.ch/de/product/_emporia-smart-4-2049877.html,159.95,SMART.4,S4_001_CH,Schwarz/Silber,13,5,5.0,32,0,0,emporia,0.0,0,12.7,148.0
https://www.mediamarkt.ch/de/product/_xiaomi-12t-pro-2154158.html,669.0,12T Pro,MZB0CC7EU,Blau,200,20,6.67,256,1,2022,xiaomi,5.0,3,16.9,617.0
https://www.mediamarkt.ch/de/product/_samsung-galaxy-z-fold4-2141918.html,1739.0,Galaxy Z Fold4,SM-F936BZACEUE,Grey Green,50,10,7.6,512,1,2022,samsung,4.0,24,19.3,1605.0
https://www.mediamarkt.ch/de/product/_xiaomi-12t-pro-2154159.html,759.0,12T Pro,MZB0CCHEU,Silber,200,20,6.67,256,1,2022,xiaomi,0.0,0,16.9,701.0
https://www.mediamarkt.ch/de/product/_xiaomi-12t-pro-2154157.html,699.0,12T Pro,MZB0CC1EU,Schwarz,200,20,6.67,256,1,2022,xiaomi,4.0,6,16.9,645.0
https://www.mediamarkt.ch/de/product/_samsung-galaxy-z-flip4-2141915.html,1029.0,Galaxy Z Flip4,SM-F721BZAHEUE,Graphite,12,10,6.7,256,1,2022,samsung,4.0,16,17.0,950.0
https://www.mediamarkt.ch/de/product/_nokia-g50-2086833.html,184.95,G50,F16BYA1072027,Midnight Sun,48,8,6.82,128,1,2021,nokia,1.0,2,17.3,171.0
https://www.mediamarkt.ch/de/product/_xiaomi-12t-2154156.html,599.0,12T,MZB0CAHEU,Silber,108,20,6.67,256,1,2022,xiaomi,5.0,1,16.9,553.0
https://www.mediamarkt.ch/de/product/_xiaomi-12t-2154155.html,769.0,12T,MZB0CAREU,Blau,108,20,6.67,256,1,2022,xiaomi,0.0,0,16.9,710.0
https://www.mediamarkt.ch/de/product/_xiaomi-12t-2154152.html,599.0,12T,MZB0CBKEU,Schwarz,108,20,6.67,256,1,2022,xiaomi,4.0,6,16.9,553.0
https://www.mediamarkt.ch/de/product/_apple-iphone-13-mini-2091383.html,799.0,iPhone 13 mini,MLK93ZD/A,Blue,12,12,5.4,256,1,2021,apple,5.0,7,13.7,737.0
https://www.mediamarkt.ch/de/product/_apple-iphone-14-plus-2151046.html,999.0,iPhone 14 Plus,MQ553ZD/A,Starlight,12,12,6.7,256,1,2022,apple,5.0,2,17.0,922.0
https://www.mediamarkt.ch/de/product/_apple-iphone-13-mini-2091387.html,999.0,iPhone 13 mini,MLKD3ZD/A,Pink,12,12,5.4,512,1,2021,apple,5.0,2,13.7,922.0
https://www.mediamarkt.ch/de/product/_apple-iphone-14-plus-2151053.html,1399.0,iPhone 14 Plus,MQ5F3ZD/A,(PRODUCT)RED,12,12,6.7,512,1,2022,apple,5.0,1,17.0,1291.0
https://www.mediamarkt.ch/de/product/_apple-iphone-13-mini-2091382.html,799.0,iPhone 13 mini,MLK83ZD/A,(PRODUCT)RED,12,12,5.4,256,1,2021,apple,5.0,6,13.7,737.0
https://www.mediamarkt.ch/de/product/_apple-iphone-14-pro-max-2151085.html,1752.0,iPhone 14 Pro Max,MQC43ZD/A,Gold,48,12,6.7,1,1,2022,apple,3.0,3,17.0,1617.0
https://www.mediamarkt.ch/de/product/_apple-iphone-14-pro-max-2151084.html,1752.0,iPhone 14 Pro Max,MQC33ZD/A,Silver,48,12,6.7,1,1,2022,apple,3.0,2,17.0,1617.0
https://www.mediamarkt.ch/de/product/_apple-iphone-13-2091359.html,1139.0,iPhone 13,MLQC3ZD/A,Midnight,12,12,6.1,512,1,2021,apple,5.0,1,15.5,1051.0
https://www.mediamarkt.ch/de/product/_apple-iphone-14-plus-2151050.html,1379.0,iPhone 14 Plus,MQ593ZD/A,Midnight,12,12,6.7,512,1,2022,apple,5.0,1,17.0,1273.0
https://www.mediamarkt.ch/de/product/_motorola-moto-g71-5g-2110137.html,259.95,Moto G71 5G,PAS20036FR,Iron Black,50,16,6.4,128,1,2022,motorola,0.0,0,16.3,240.0
https://www.mediamarkt.ch/de/product/_apple-iphone-13-2091361.html,1059.0,iPhone 13,MLQD3ZD/A,Starlight,12,12,6.1,512,1,2021,apple,0.0,0,15.5,977.0
https://www.mediamarkt.ch/de/product/_apple-iphone-13-2091365.html,1099.0,iPhone 13,MLQG3ZD/A,Blue,12,12,6.1,512,1,2021,apple,0.0,0,15.5,1014.0
https://www.mediamarkt.ch/de/product/_apple-iphone-14-plus-2176811.html,979.0,iPhone 14 Plus,MR693ZD/A,Yellow,12,12,6.7,128,1,2022,apple,5.0,3,17.0,904.0
https://www.mediamarkt.ch/de/product/_apple-iphone-14-plus-2176813.html,1379.0,iPhone 14 Plus,MR6G3ZD/A,Yellow,12,12,6.7,512,1,2022,apple,5.0,1,17.0,1273.0
https://www.mediamarkt.ch/de/product/_apple-iphone-14-pro-2151070.html,1634.0,iPhone 14 Pro,MQ323ZD/A,Deep Purple,48,12,6.1,1,1,2022,apple,5.0,3,15.5,1508.0
https://www.mediamarkt.ch/de/product/_motorola-moto-g100-2076212.html,629.0,Moto G100,PAM80045IT,Iridescent Ocean,64,16,6.7,128,1,2021,motorola,0.0,0,17.0,581.0
https://www.mediamarkt.ch/de/product/_apple-iphone-14-pro-max-2151080.html,1519.0,iPhone 14 Pro Max,MQAH3ZD/A,Silver,48,12,6.7,512,1,2022,apple,5.0,1,17.0,1402.0
https://www.mediamarkt.ch/de/product/_apple-iphone-14-pro-max-2151081.html,1559.0,iPhone 14 Pro Max,MQAJ3ZD/A,Gold,48,12,6.7,512,1,2022,apple,5.0,1,17.0,1439.0
https://www.mediamarkt.ch/de/product/_samsung-galaxy-z-flip4-2144090.html,1149.0,Galaxy Z Flip4,SM-F721BZAPEUE,Graphite,12,10,6.7,512,1,2022,samsung,3.0,16,17.0,1061.0
https://www.mediamarkt.ch/de/product/_xiaomi-black-shark-2-pro-1972386.html,799.0,Black Shark 2 Pro,PN100933,Gulf Blue,48,20,6.39,256,0,0,xiaomi,0.0,0,16.2,737.0
https://www.mediamarkt.ch/de/product/_xiaomi-black-shark-2-pro-1971823.html,699.0,Black Shark 2 Pro,PN100928,Shadow Black,48,20,6.39,128,0,0,xiaomi,0.0,0,16.2,645.0
https://www.mediamarkt.ch/de/product/_xiaomi-redmi-note-11s-4g-2122556.html,289.95,Redmi Note 11S 4G,MZB0AQVEU,Pearl White,108,16,6.43,128,1,2022,xiaomi,0.0,0,16.3,268.0
https://www.mediamarkt.ch/de/product/_xiaomi-11-lite-5g-ne-2093627.html,399.95,11 Lite 5G NE,MZB09T9EU,Truffle Black,64,20,6.55,128,1,2021,xiaomi,0.0,0,16.6,369.0
https://www.mediamarkt.ch/de/product/_samsung-galaxy-z-fold3-5g-2080406.html,1437.0,Galaxy Z Fold3 5G,SM-F926BZKDEUC,Phantom Black,12,10,7.6,256,1,2021,samsung,4.0,1,19.3,1326.0
https://www.mediamarkt.ch/de/product/_xiaomi-11-lite-5g-ne-2093625.html,399.95,11 Lite 5G NE,MZB09TIEU,Peach Pink,64,20,6.55,128,1,2021,xiaomi,0.0,0,16.6,369.0
https://www.mediamarkt.ch/de/product/_xiaomi-redmi-note-11s-4g-2122558.html,279.95,Redmi Note 11S 4G,MZB0AQSEU,Twilight Blue,108,16,6.43,128,1,2022,xiaomi,4.0,16,16.3,258.0
https://www.mediamarkt.ch/de/product/_samsung-galaxy-z-fold3-5g-2080405.html,1437.0,Galaxy Z Fold3 5G,SM-F926BZGDEUC,Phantom Green,12,10,7.6,256,1,2021,samsung,0.0,0,19.3,1326.0
https://www.mediamarkt.ch/de/product/_xiaomi-black-shark-2-pro-1971824.html,699.0,Black Shark 2 Pro,PN100929,Iceberg Grey,48,20,6.39,128,0,0,xiaomi,0.0,0,16.2,645.0
https://www.mediamarkt.ch/de/product/_samsung-galaxy-z-fold3-5g-2080408.html,1899.0,Galaxy Z Fold3 5G,SM-F926BZGGEUC,Phantom Green,12,10,7.6,512,1,2021,samsung,5.0,1,19.3,1753.0
https://www.mediamarkt.ch/de/product/_xiaomi-12-pro-2122540.html,1069.0,12 Pro,MZB0AENEU,Blue,50,32,6.73,256,1,2021,xiaomi,0.0,0,17.1,987.0
https://www.mediamarkt.ch/de/product/_samsung-galaxy-z-fold3-5g-2080407.html,1437.0,Galaxy Z Fold3 5G,SM-F926BZSDEUC,Phantom Silver,12,10,7.6,256,1,2021,samsung,5.0,1,19.3,1326.0
https://www.mediamarkt.ch/de/product/_xiaomi-12-pro-2122544.html,1049.0,12 Pro,MZB0AEKEU,Grey,50,32,6.73,256,1,2021,xiaomi,3.0,3,17.1,968.0
https://www.mediamarkt.ch/de/product/_samsung-galaxy-z-fold3-5g-2080411.html,1649.0,Galaxy Z Fold3 5G,SM-F926BZSGEUC,Phantom Silver,12,10,7.6,512,1,2021,samsung,0.0,0,19.3,1522.0
https://www.mediamarkt.ch/de/product/_samsung-galaxy-z-fold3-5g-2080409.html,1519.0,Galaxy Z Fold3 5G,SM-F926BZKGEUC,Phantom Black,12,10,7.6,512,1,2021,samsung,4.0,2,19.3,1402.0
https://www.mediamarkt.ch/de/product/_xiaomi-12-2122536.html,779.0,12,MZB0ACZEU,Blue,50,32,6.28,256,1,2021,xiaomi,0.0,0,16.0,719.0
https://www.mediamarkt.ch/de/product/_xiaomi-12-pro-2122539.html,999.0,12 Pro,MZB0ADNEU,Purple,50,32,6.73,256,1,2021,xiaomi,0.0,0,17.1,922.0
https://www.mediamarkt.ch/de/product/_xiaomi-12-2122532.html,759.0,12,MZB0ACJEU,Purple,50,32,6.28,256,1,2021,xiaomi,0.0,0,16.0,701.0
https://www.mediamarkt.ch/de/product/_xiaomi-12-2122534.html,769.0,12,MZB0ACNEU,Grey,50,32,6.28,256,1,2021,xiaomi,4.0,5,16.0,710.0
https://www.mediamarkt.ch/de/product/_apple-iphone-14-pro-2151069.html,1633.0,iPhone 14 Pro,MQ2V3ZD/A,Gold,48,12,6.1,1,1,2022,apple,5.0,2,15.5,1507.0
https://www.mediamarkt.ch/de/product/_nokia-xr20-2082673.html,499.95,XR20,VMA750M9FI1CN0,Granite,48,8,6.67,128,1,2021,nokia,0.0,0,16.9,461.0
https://www.mediamarkt.ch/de/product/_apple-iphone-14-pro-2151067.html,1679.0,iPhone 14 Pro,MQ2G3ZD/A,Space Black,48,12,6.1,1,1,2022,apple,5.0,2,15.5,1550.0
https://www.mediamarkt.ch/de/product/_apple-iphone-14-pro-2151068.html,1699.0,iPhone 14 Pro,MQ2N3ZD/A,Silver,48,12,6.1,1,1,2022,apple,5.0,3,15.5,1568.0
https://www.mediamarkt.ch/de/product/_apple-iphone-14-pro-2151065.html,1406.0,iPhone 14 Pro,MQ233ZD/A,Gold,48,12,6.1,512,1,2022,apple,0.0,0,15.5,1298.0
https://www.mediamarkt.ch/de/product/_apple-iphone-13-mini-2091388.html,979.0,iPhone 13 mini,MLKE3ZD/A,(PRODUCT)RED,12,12,5.4,512,1,2021,apple,5.0,2,13.7,904.0
https://www.mediamarkt.ch/de/product/_xiaomi-redmi-12c-2174704.html,169.95,Redmi 12C,MZB0DH2EU,Graphite Gray,50,5,6.71,128,1,2023,xiaomi,0.0,0,17.0,157.0
https://www.mediamarkt.ch/de/product/_xiaomi-redmi-12c-2174703.html,169.95,Redmi 12C,MZB0DIBEU,Mint Green,50,5,6.71,128,1,2023,xiaomi,0.0,0,17.0,157.0
https://www.mediamarkt.ch/de/product/_motorola-moto-g-5g-2031022.html,239.0,Moto G 5G,PALM0016IS,Volcanic Grey,48,16,6.7,64,1,2020,motorola,0.0,0,17.0,221.0
https://www.mediamarkt.ch/de/product/_xiaomi-11t-2093635.html,499.95,11T,MZB09LUEU,Meteorite Grey,108,16,6.67,256,1,2021,xiaomi,0.0,0,16.9,461.0
https://www.mediamarkt.ch/de/product/_xiaomi-11t-2093631.html,479.95,11T,MZB09LSEU,Celestial Blue,108,16,6.67,128,1,2021,xiaomi,0.0,0,16.9,443.0
https://www.mediamarkt.ch/de/product/_motorola-edge-20-lite-2095381.html,299.0,Edge 20 Lite,PANE0047FR,Lagoon Green,108,32,6.7,128,1,2021,motorola,5.0,1,17.0,276.0
https://www.mediamarkt.ch/de/product/_motorola-moto-g31-2110135.html,199.95,Moto G31,PASU0000FR,Mineral Grey,50,13,6.4,128,1,2021,motorola,0.0,0,16.3,185.0
https://www.mediamarkt.ch/de/product/_motorola-edge-20-pro-2095383.html,529.0,Edge 20 Pro,PANY0039SE,Blue Vegan Leather,108,32,6.7,256,1,2021,motorola,0.0,0,17.0,488.0
https://www.mediamarkt.ch/de/product/_samsung-galaxy-a13-4g-mit-mediatek-cpu-2141380.html,199.95,Galaxy A13 4G (MediaTek CPU),SM-A137FLBKEUE,Blue,50,8,6.6,128,0,0,samsung,0.0,0,16.8,185.0
https://www.mediamarkt.ch/de/product/_emporia-smart-5-2059365.html,249.95,SMART.5,S5_001_CH,Schwarz/Silber,13,8,5.5,32,0,0,emporia,0.0,0,14.0,231.0
https://www.mediamarkt.ch/de/product/_xiaomi-11t-pro-2093641.html,549.0,11T Pro,MZB09KTEU,Meteorite Grey,108,16,6.67,128,1,2021,xiaomi,0.0,0,16.9,507.0
https://www.mediamarkt.ch/de/product/_samsung-galaxy-a34-5g-2173975.html,369.95,Galaxy A34 5G,SM-A346BLGAEUE,Awesome Lime,48,13,6.6,128,0,0,samsung,0.0,0,16.8,341.0
https://www.mediamarkt.ch/de/product/_doro-8100-plus-2119149.html,259.95,8100 PLUS,8245,Graphit,13,5,6.1,32,0,0,doro,0.0,0,15.5,240.0
https://www.mediamarkt.ch/de/product/_doro-8100-2119148.html,179.95,8100,8244,Graphit,13,5,6.1,32,0,0,doro,0.0,0,15.5,166.0
https://www.mediamarkt.ch/de/product/_samsung-galaxy-a54-5g-2173983.html,459.95,Galaxy A54 5G,SM-A546BZWCEUE,Awesome White,50,32,6.4,128,0,0,samsung,0.0,0,16.3,425.0
https://www.mediamarkt.ch/de/product/_motorola-moto-e20-2110133.html,134.95,Moto E20,PASY0009FR,Graphite Grey,13,5,6.5,32,0,0,motorola,0.0,0,16.5,125.0
https://www.mediamarkt.ch/de/product/_samsung-galaxy-a34-5g-2176863.html,429.95,Galaxy A34 5G,SM-A346BZKEEUE,Awesome Graphite,48,13,6.6,256,0,0,samsung,0.0,0,16.8,397.0
https://www.mediamarkt.ch/de/product/_xiaomi-redmi-note-12-pro-5g-2178011.html,399.95,Redmi Note 12 Pro 5G,MZB0D2VEU,Sky Blue,50,16,6.67,128,1,2023,xiaomi,0.0,0,16.9,369.0
https://www.mediamarkt.ch/de/product/_xiaomi-redmi-note-12-pro-5g-2178012.html,499.95,Redmi Note 12 Pro 5G,MZB0DFHEU,Sky Blue,50,16,6.67,256,1,2023,xiaomi,0.0,0,16.9,461.0
https://www.mediamarkt.ch/de/product/_xiaomi-redmi-note-12-4g-2178008.html,249.95,Redmi Note 12 4G,MZB0DP3EU,Mint Green,50,13,6.67,128,1,2023,xiaomi,0.0,0,16.9,231.0
https://www.mediamarkt.ch/de/product/_xiaomi-redmi-note-12-5g-2178009.html,299.95,Redmi Note 12 5G,MZB0CY5EU,Onyx Gray,48,13,6.67,128,1,2023,xiaomi,0.0,0,16.9,277.0
https://www.mediamarkt.ch/de/product/_huawei-mate-50-pro-2162750.html,1169.0,Mate 50 Pro,51097FTV,Schwarz,50,13,6.74,256,1,2022,huawei,5.0,1,17.1,1079.0
https://www.mediamarkt.ch/de/product/_huawei-mate-50-pro-2162749.html,1169.0,Mate 50 Pro,51097FTY,Silber,50,13,6.74,256,1,2022,huawei,5.0,1,17.1,1079.0
https://www.mediamarkt.ch/de/product/_one-plus-nord-ce-2-5g-2116377.html,349.95,Nord CE 2 5G,5011101970,Bahama Blue,64,16,6.43,128,1,2022,one-plus,2.0,1,16.3,323.0
https://www.mediamarkt.ch/de/product/_motorola-moto-g32-2161925.html,239.95,Moto G32,PAUU0006IT,Mineral Grey,50,16,6.5,128,1,2022,motorola,0.0,0,16.5,221.0
https://www.mediamarkt.ch/de/product/_one-plus-10-pro-5g-2116373.html,869.0,10 Pro 5G,120010120250,Volcanic Black,48,32,6.7,128,1,2022,one-plus,0.0,0,17.0,802.0
https://www.mediamarkt.ch/de/product/_nokia-x30-5g-2161084.html,479.95,X30 5G,VMA751X9FI1SK0,Ice White,50,16,6.43,128,1,2022,nokia,0.0,0,16.3,443.0
https://www.mediamarkt.ch/de/product/_xiaomi-13-lite-2176850.html,499.95,13 Lite,MZB0CWEEU,Lite Blue,50,32,6.55,128,1,2023,xiaomi,0.0,0,16.6,461.0
https://www.mediamarkt.ch/de/product/_nokia-x30-5g-2161083.html,469.95,X30 5G,VMA751X9FI1AL0,Cloudy Blue,50,16,6.43,128,1,2022,nokia,0.0,0,16.3,434.0
https://www.mediamarkt.ch/de/product/_nokia-x30-5g-2161082.html,519.0,X30 5G,VMA751W9FI1AL0,Cloudy Blue,50,16,6.43,256,1,2022,nokia,0.0,0,16.3,479.0
https://www.mediamarkt.ch/de/product/_ruggear-rg725-2047744.html,349.95,RG725+,99301031,Schwarz,13,2,4.0,32,0,0,ruggear,0.0,0,10.2,323.0
https://www.mediamarkt.ch/de/product/_motorola-edge-30-ultra-2161930.html,839.0,Edge 30 Ultra,PAUR0004IT,Interstellar Black,200,60,6.67,256,1,2022,motorola,0.0,0,16.9,774.0
https://www.mediamarkt.ch/de/product/_xiaomi-13-lite-2176851.html,499.95,13 Lite,MZB0CVREU,Lite Pink,50,32,6.55,128,1,2023,xiaomi,0.0,0,16.6,461.0
https://www.mediamarkt.ch/de/product/_motorola-edge-30-neo-2161929.html,359.95,Edge 30 Neo,PAV00010IT,Onyx Black,64,32,6.28,128,1,2022,motorola,0.0,0,16.0,332.0
https://www.mediamarkt.ch/de/product/_motorola-edge-30-fusion-2161928.html,599.0,Edge 30 Fusion,PAUN0011IT,Quartz Black,50,32,6.55,128,1,2022,motorola,0.0,0,16.6,553.0
https://www.mediamarkt.ch/de/product/_google-pixel-7-2158709.html,619.0,Pixel 7,GA03933-GB,Snow,50,10,6.3,128,1,2022,google,3.0,4,16.0,571.0
https://www.mediamarkt.ch/de/product/_motorola-edge-30-2161926.html,499.95,Edge 30,PAUC0005IT,Meteor Grey,50,32,6.5,128,1,2022,motorola,0.0,0,16.5,461.0
https://www.mediamarkt.ch/de/product/_xiaomi-13-2176848.html,999.0,13,MZB0D9SEU,Weiss,50,32,6.36,256,1,2023,xiaomi,0.0,0,16.2,922.0
https://www.mediamarkt.ch/de/product/_motorola-moto-e22i-2161924.html,129.95,Moto E22i,PAVX0011IT,Graphite Grey,16,5,6.5,32,0,0,motorola,0.0,0,16.5,120.0
https://www.mediamarkt.ch/de/product/_xiaomi-13-lite-2176849.html,499.95,13 Lite,MZB0CVLEU,Schwarz,50,32,6.55,128,1,2023,xiaomi,0.0,0,16.6,461.0
https://www.mediamarkt.ch/de/product/_crosscall-core-z5-2162748.html,859.0,CORE-Z5,1001011601265,Schwarz,48,8,6.08,64,0,0,crosscall,0.0,0,15.4,793.0
https://www.mediamarkt.ch/de/product/_nokia-g60-5g-2161080.html,269.95,G60 5G,101Q7505H022,Schwarz,50,8,6.58,128,1,2022,nokia,1.0,2,16.7,249.0
https://www.mediamarkt.ch/de/product/_samsung-galaxy-s23-2167377.html,1249.0,Galaxy S23+,SM-S916BLIGEUE,Lavender,50,12,6.6,512,1,2023,samsung,4.0,14,16.8,1153.0
https://www.mediamarkt.ch/de/product/_samsung-galaxy-s23-2167375.html,1249.0,Galaxy S23+,SM-S916BZEGEUE,Cream,50,12,6.6,512,1,2023,samsung,4.0,15,16.8,1153.0
https://www.mediamarkt.ch/de/product/_samsung-galaxy-s23-2167370.html,1129.0,Galaxy S23+,SM-S916BZEDEUE,Cream,50,12,6.6,256,1,2023,samsung,4.0,14,16.8,1042.0
https://www.mediamarkt.ch/de/product/_apple-iphone-13-mini-2118883.html,1059.0,iPhone 13 mini,MNFH3ZD/A,Green,12,12,5.4,512,1,2021,apple,5.0,2,13.7,977.0
https://www.mediamarkt.ch/de/product/_apple-iphone-13-2118879.html,1159.0,iPhone 13,MNGM3ZD/A,Green,12,12,6.1,512,1,2021,apple,0.0,0,15.5,1070.0
https://www.mediamarkt.ch/de/product/_apple-iphone-13-mini-2118882.html,799.0,iPhone 13 mini,MNFG3ZD/A,Green,12,12,5.4,256,1,2021,apple,5.0,6,13.7,737.0
https://www.mediamarkt.ch/de/product/_apple-iphone-se-2022-2118907.html,659.0,iPhone SE (2022),MMXN3ZD/A,Starlight,12,7,4.7,256,0,0,apple,0.0,0,11.9,608.0
https://www.mediamarkt.ch/de/product/_apple-iphone-se-2022-2118909.html,659.0,iPhone SE (2022),MMXP3ZD/A,(PRODUCT)RED,12,7,4.7,256,0,0,apple,0.0,0,11.9,608.0
https://www.mediamarkt.ch/de/product/_samsung-galaxy-s21-fe-5g-2105601.html,629.0,Galaxy S21 FE 5G,SM-G990BLGDEUC,Olive,12,32,6.4,128,1,2022,samsung,3.0,6,16.3,581.0
https://www.mediamarkt.ch/de/product/_xiaomi-redmi-note-10s-2141007.html,349.95,Redmi Note 10S,MZB08Y2EU,Onyx Grey,64,13,6.43,128,1,2021,xiaomi,0.0,0,16.3,323.0
https://www.mediamarkt.ch/de/product/_xiaomi-poco-m5s-2152697.html,199.95,POCO M5s,MZB0CIREU,Grau,64,13,6.43,64,1,2022,xiaomi,0.0,0,16.3,185.0
https://www.mediamarkt.ch/de/product/_xiaomi-poco-m5s-2152694.html,229.95,POCO M5s,MZB0CIZEU,Blau,64,13,6.43,64,1,2022,xiaomi,0.0,0,16.3,212.0
https://www.mediamarkt.ch/de/product/_xiaomi-poco-m5s-2152695.html,199.95,POCO M5s,MZB0CITEU,Weiss,64,13,6.43,64,1,2022,xiaomi,0.0,0,16.3,185.0
https://www.mediamarkt.ch/de/product/_xiaomi-poco-m5s-2152691.html,229.95,POCO M5s,MZB0CJEEU,Blau,64,13,6.43,128,1,2022,xiaomi,0.0,0,16.3,212.0
https://www.mediamarkt.ch/de/product/_xiaomi-13-pro-2175506.html,1299.0,13 Pro,MZB0DAXEU,Ceramic White,50,32,6.73,256,1,2023,xiaomi,0.0,0,17.1,1199.0
https://www.mediamarkt.ch/de/product/_xiaomi-poco-m5-2152687.html,239.95,POCO M5,MZB0CLCEU,Grün,50,5,6.58,128,1,2022,xiaomi,0.0,0,16.7,221.0
https://www.mediamarkt.ch/de/product/_apple-iphone-12-2028668.html,899.0,iPhone 12,MGJK3ZD/A,Blue,12,12,6.1,256,1,2020,apple,4.0,4,15.5,830.0
https://www.mediamarkt.ch/de/product/_xiaomi-poco-m5-2152685.html,174.95,POCO M5,MZB0C9FEU,Gelb,50,5,6.58,64,1,2022,xiaomi,0.0,0,16.7,161.0
https://www.mediamarkt.ch/de/product/_xiaomi-poco-m5-2152686.html,199.95,POCO M5,MZB0CLIEU,Schwarz,50,5,6.58,128,1,2022,xiaomi,0.0,0,16.7,185.0
https://www.mediamarkt.ch/de/product/_xiaomi-poco-m5-2152683.html,199.95,POCO M5,MZB0CA1EU,Grün,50,5,6.58,64,1,2022,xiaomi,0.0,0,16.7,185.0
https://www.mediamarkt.ch/de/product/_xiaomi-poco-m5-2152684.html,189.95,POCO M5,MZB0C9MEU,Schwarz,50,5,6.58,64,1,2022,xiaomi,0.0,0,16.7,175.0
https://www.mediamarkt.ch/de/product/_xiaomi-redmi-note-12-5g-2176857.html,299.95,Redmi Note 12 5G,MZB0CYWEU,Ice Blue,48,13,6.67,128,1,2023,xiaomi,0.0,0,16.9,277.0
https://www.mediamarkt.ch/de/product/_xiaomi-poco-m5-2152681.html,199.95,POCO M5,MZB0CLNEU,Gelb,50,5,6.58,128,1,2022,xiaomi,0.0,0,16.7,185.0
https://www.mediamarkt.ch/de/product/_xiaomi-redmi-note-12-4g-2176859.html,209.0,Redmi Note 12 4G,MZB0DLZEU,Onyx Gray,50,13,6.67,128,1,2023,xiaomi,1.0,3,16.9,193.0
https://www.mediamarkt.ch/de/product/_oppo-reno8-5g-2143784.html,449.95,Reno8 5G,6045942,Shimmer Black,50,32,6.4,256,1,2022,oppo,5.0,0,16.3,415.0
https://www.mediamarkt.ch/de/product/_oppo-reno8-5g-2143785.html,449.95,Reno8 5G,6045943,Shimmer Gold,50,32,6.4,256,1,2022,oppo,0.0,0,16.3,415.0
https://www.mediamarkt.ch/de/product/_xiaomi-redmi-note-12-pro-5g-2176852.html,499.95,Redmi Note 12 Pro+ 5G,MZB0DE7EU,Midnight Black,200,16,6.67,256,1,2023,xiaomi,4.0,0,16.9,461.0
https://www.mediamarkt.ch/de/product/_apple-iphone-12-2028653.html,699.0,iPhone 12,MGJA3ZD/A,Black,12,12,6.1,128,1,2020,apple,4.0,0,15.5,645.0
https://www.mediamarkt.ch/de/product/_nothing-phone-1-2136040.html,539.0,phone (1),A10400008,Schwarz,50,16,6.55,256,1,2022,nothing,5.0,0,16.6,497.0
https://www.mediamarkt.ch/de/product/_oppo-find-x5-lite-5g-2112045.html,459.95,Find X5 Lite 5G,6041892,Starry Black,64,32,6.43,256,1,2022,oppo,4.0,0,16.3,425.0
https://www.mediamarkt.ch/de/product/_oppo-a96-2127665.html,289.95,A96,6043010,Sunset Blue,50,16,6.59,128,1,2022,oppo,4.0,0,16.7,268.0
https://www.mediamarkt.ch/de/product/_oppo-a57s-2164359.html,159.0,A57s,6045266,Starry Black,50,8,6.56,128,1,2022,oppo,3.0,0,16.7,147.0
https://www.mediamarkt.ch/de/product/_apple-iphone-12-2028661.html,699.0,iPhone 12,MGJF3ZD/A,Green,12,12,6.1,128,1,2020,apple,4.0,0,15.5,645.0
https://www.mediamarkt.ch/de/product/_oppo-reno8-lite-5g-2131453.html,339.95,Reno8 Lite 5G,6041275,Cosmic Black,64,16,6.43,128,1,2022,oppo,5.0,0,16.3,314.0
https://www.mediamarkt.ch/de/product/_nothing-phone-1-2136039.html,469.95,phone (1),A10400009,Weiss,50,16,6.55,256,1,2022,nothing,0.0,0,16.6,434.0
https://www.mediamarkt.ch/de/product/_apple-iphone-13-mini-2091380.html,779.0,iPhone 13 mini,MLK63ZD/A,Starlight,12,12,5.4,256,1,2021,apple,5.0,0,13.7,719.0
https://www.mediamarkt.ch/de/product/_oppo-find-n2-flip-2169791.html,999.0,Find N2 Flip,6055447,Moonlit Purple,50,32,6.8,256,1,2023,oppo,0.0,0,17.3,922.0
https://www.mediamarkt.ch/de/product/_oppo-reno6-pro-5g-2086838.html,449.0,Reno6 Pro 5G,5995927,Arctic Blue,50,32,6.55,256,1,2021,oppo,4.0,0,16.6,414.0
https://www.mediamarkt.ch/de/product/_oppo-find-n2-flip-2169790.html,999.0,Find N2 Flip,6053368,Astral Black,50,32,6.8,256,1,2023,oppo,0.0,0,17.3,922.0
https://www.mediamarkt.ch/de/product/_oppo-find-x3-neo-2053600.html,359.0,Find X3 Neo,5988252,Starlight Black,50,32,6.5,256,1,2021,oppo,0.0,0,16.5,331.0
https://www.mediamarkt.ch/de/product/_nothing-phone-1-2136041.html,499.95,phone (1),A10400010,Weiss,50,16,6.55,256,1,2022,nothing,0.0,0,16.6,461.0
https://www.mediamarkt.ch/de/product/_nothing-phone-1-2136038.html,469.95,phone (1),A10400007,Schwarz,50,16,6.55,256,1,2022,nothing,5.0,0,16.6,434.0
https://www.mediamarkt.ch/de/product/_nothing-phone-1-2136037.html,449.95,phone (1),A10400006,Schwarz,50,16,6.55,128,1,2022,nothing,5.0,0,16.6,415.0
https://www.mediamarkt.ch/de/product/_oppo-reno8-pro-5g-2143786.html,699.0,Reno8 Pro 5G,6045719,Glazed Black,50,32,6.7,256,1,2022,oppo,5.0,0,17.0,645.0
https://www.mediamarkt.ch/de/product/_oppo-a96-2127664.html,289.95,A96,6043009,Starry Black,50,16,6.59,128,1,2022,oppo,2.0,0,16.7,268.0
https://www.mediamarkt.ch/de/product/_samsung-galaxy-a54-5g-2173979.html,459.95,Galaxy A54 5G,SM-A546BLGCEUE,Awesome Lime,50,32,6.4,128,0,0,samsung,0.0,0,16.3,425.0
https://www.mediamarkt.ch/de/product/_nokia-g60-5g-2161081.html,289.95,G60 5G,101Q7505H023,Grau,50,8,6.58,128,1,2022,nokia,0.0,0,16.7,268.0
https://www.mediamarkt.ch/de/product/_oppo-find-x3-pro-2053602.html,899.0,Find X3 Pro,5991409,Gloss Black,50,32,6.7,256,1,2021,oppo,0.0,0,17.0,830.0
https://www.mediamarkt.ch/de/product/_oppo-find-x3-neo-2053601.html,359.0,Find X3 Neo,5988253,Galactic Silver,50,32,6.5,256,1,2021,oppo,0.0,0,16.5,331.0
https://www.mediamarkt.ch/de/product/_motorola-moto-g42-2134531.html,269.95,Moto G42,PAU00028IT,Atlantic Green,50,16,6.4,128,1,2022,motorola,0.0,0,16.3,249.0
https://www.mediamarkt.ch/de/product/_bea-fon-mx1-2058155.html,199.95,MX1,MX1-EU001B,Schwarz,13,5,5.71,128,0,0,bea-fon,0.0,0,14.5,185.0
https://www.mediamarkt.ch/de/product/_bea-fon-sl880touch-2058157.html,114.95,SL880touch,SL880-EU001B,Schwarz,5,8,2.8,4,0,0,oppo,0.0,0,7.1,106.0
https://www.mediamarkt.ch/de/product/_oppo-find-x5-pro-5g-2112042.html,799.0,Find X5 Pro 5G,6041347,Ceramic White,50,32,6.7,256,1,2022,oppo,4.0,0,17.0,737.0
https://www.mediamarkt.ch/de/product/_oppo-find-x5-pro-5g-2112041.html,799.0,Find X5 Pro 5G,6041349,Glaze Black,50,32,6.7,256,1,2022,apple,4.0,0,17.0,737.0
https://www.mediamarkt.ch/de/product/_oppo-reno8-pro-5g-2143789.html,699.0,Reno8 Pro 5G,6045720,Glazed Green,50,32,6.7,256,1,2022,samsung,5.0,0,17.0,645.0
https://www.mediamarkt.ch/de/product/_apple-iphone-13-2091356.html,899.0,iPhone 13,MLQ93ZD/A,(PRODUCT)RED,12,12,6.1,256,1,2021,motorola,0.0,0,15.5,830.0
https://www.mediamarkt.ch/de/product/_samsung-galaxy-z-flip4-2144092.html,1149.0,Galaxy Z Flip4,SM-F721BLVPEUE,Bora Purple,12,10,6.7,512,1,2022,oppo,4.0,0,17.0,1061.0
https://www.mediamarkt.ch/de/product/_wiko-power-u10-2091116.html,99.95,POWER U10,6943279424624,Carbon Blue,13,5,6.82,32,1,2021,fairphone,1.0,0,17.3,92.0
https://www.mediamarkt.ch/de/product/_motorola-moto-g-5g-plus-2031019.html,299.0,Moto G 5G Plus,PAK90010FR,Surfing Blue,48,16,6.7,64,1,2020,google,5.0,0,17.0,276.0
https://www.mediamarkt.ch/de/product/_oppo-a57s-2164360.html,159.0,A57s,6045267,Sky Blue,50,8,6.56,128,1,2022,oppo,0.0,0,16.7,147.0
https://www.mediamarkt.ch/de/product/_fairphone-4-5g-2093552.html,539.0,4 5G,F4FPHN-1DG-EU1,Grau,48,25,6.3,128,0,0,fairphone,0.0,0,16.0,497.0
https://www.mediamarkt.ch/de/product/_google-pixel-7-2158706.html,619.0,Pixel 7,GA03923-GB,Obsidian,50,10,6.3,128,1,2022,xiaomi,3.0,0,16.0,571.0
